iso3,year,conflict_score,disaster_score,economic_score,health_shock,PEI,conflict_score_flag,disaster_score_flag,economic_score_flag,health_shock_flag,n_crises_above_threshold,is_polycrise_year,income_group,region,country_name
NGA,2010,0.5335294086415209,0.5701393894789986,0.1248210147576395,,0.3604753940836918,0,0,0,0,0,0,LMIC,SSA,Nigeria
NGA,2011,0.5504737173771109,0.4632440430623163,0.2414313629321333,0.0,0.3688346525806012,0,0,0,1,1,0,LMIC,SSA,Nigeria
NGA,2012,0.5920794456258379,0.700839271832713,0.2961197063863922,0.2499999999375,0.49396755051444446,0,1,0,1,2,0,LMIC,SSA,Nigeria
NGA,2013,0.6300752617917014,0.3483603878989904,0.2484916126092623,0.2499999999375,0.4072393417447836,0,0,0,1,1,0,LMIC,SSA,Nigeria
NGA,2014,0.7141907598202315,0.3687982188914059,0.2104204723775773,0.0,0.3947714387543268,1,0,0,1,2,0,LMIC,SSA,Nigeria
NGA,2015,0.7121319885492569,0.5406938449795854,0.2964626523647066,0.0,0.4585353203283129,1,0,0,1,2,0,LMIC,SSA,Nigeria
NGA,2016,0.6363048405619048,0.3826211296431059,0.447710648225518,0.0,0.43028963866382264,0,0,1,1,2,0,LMIC,SSA,Nigeria
NGA,2017,0.6430480186331512,0.2608345299833636,0.4360541285351959,0.499999999875,0.47428897113249274,0,0,1,1,2,0,LMIC,SSA,Nigeria
NGA,2018,0.6708311720814035,0.6629610060363724,0.4352224093102737,0.0,0.5093367640651527,0,0,1,1,2,0,LMIC,SSA,Nigeria
NGA,2019,0.6743331018325889,0.3608450261677559,0.3226404097835576,0.0,0.40688794462923444,0,0,0,1,1,0,LMIC,SSA,Nigeria
NGA,2020,0.7211191937704349,0.6070696788484828,0.4983088084818573,0.499999999875,0.6037363396334872,1,0,1,1,3,1,LMIC,SSA,Nigeria
NGA,2021,0.7467869228131927,0.4458100443550667,0.3684942477404025,0.0,0.46495149600848473,1,0,1,1,3,1,LMIC,SSA,Nigeria
NGA,2022,0.748287596122708,0.7957635183636135,0.3127207159767767,0.0,0.5390217172280454,1,1,0,1,3,1,LMIC,SSA,Nigeria
NGA,2023,0.7326784008110082,0.3898137348770308,0.3492737593886467,0.0,0.4412093138502722,1,0,0,1,2,0,LMIC,SSA,Nigeria
NGA,2024,0.7506863363483106,0.6421927690372631,0.3490082173952085,,0.5105404643300266,1,0,0,0,1,0,LMIC,SSA,Nigeria
ETH,2010,0.5012294484106868,0.3494410177766458,0.1394071449890234,,0.2976423476351576,0,0,0,0,0,0,LIC,SSA,Ethiopia
ETH,2011,0.4047864449988001,0.5586444361161134,0.2110242640790798,0.0,0.3340924307983783,0,0,0,1,1,0,LIC,SSA,Ethiopia
ETH,2012,0.4424382827639893,0.4769306387569091,0.2430167633437488,0.0,0.3348402494925607,0,0,0,1,1,0,LIC,SSA,Ethiopia
ETH,2013,0.4051259958411386,0.4238914559839501,0.152979674227291,0.0,0.2860118810972088,0,0,0,1,1,0,LIC,SSA,Ethiopia
ETH,2014,0.3443307045363858,,0.1399563719034007,0.0,0.15550483956358518,0,0,0,1,1,0,LIC,SSA,Ethiopia
ETH,2015,0.4416138013673961,0.7501546724658165,0.1533261983041616,0.0,0.38043504817108315,0,1,0,1,2,0,LIC,SSA,Ethiopia
ETH,2016,0.5676007834391246,0.4416488763468043,0.1779653817987189,0.0,0.35356383874007435,0,0,0,1,1,0,LIC,SSA,Ethiopia
ETH,2017,0.50509845725343,,0.1637017552363369,0.2499999999375,0.2552098988384097,0,0,0,1,1,0,LIC,SSA,Ethiopia
ETH,2018,0.5330424020268965,0.1922944210347783,0.2276428317441766,0.0,0.2915491539041525,0,0,0,1,1,0,LIC,SSA,Ethiopia
ETH,2019,0.4255523348350891,0.3958410405079286,0.2107781735916488,0.0,0.3005981207171755,0,0,0,1,1,0,LIC,SSA,Ethiopia
ETH,2020,0.6172899069293701,0.4876935292795326,0.2829339166488301,0.0,0.4087083289073702,0,0,0,1,1,0,LIC,SSA,Ethiopia
ETH,2021,0.6995464471173638,0.5761995788428216,0.2962747867571739,0.2499999999375,0.5004598478817013,1,0,0,1,2,0,LIC,SSA,Ethiopia
ETH,2022,0.6702711236032052,0.7116370128659405,0.3093042801511027,0.0,0.4898302165153826,0,1,0,1,2,0,LIC,SSA,Ethiopia
ETH,2023,0.6356130957079708,0.5060568561597608,0.2864176297244596,0.0,0.4205832049688449,0,0,0,1,1,0,LIC,SSA,Ethiopia
ETH,2024,0.7083841984682683,0.3887448532314816,0.2459749953959795,,0.40661443162075916,1,0,0,0,1,0,LIC,SSA,Ethiopia
KEN,2010,0.333835504862005,0.403079818873767,0.1497745284822266,,0.2550560135407002,0,0,0,0,0,0,LMIC,SSA,Kenya
KEN,2011,0.3363964633316528,0.5855900187281858,0.2789384455845898,0.0,0.33387087824427236,0,0,0,1,1,0,LMIC,SSA,Kenya
KEN,2012,0.430884684980691,0.6133978355122154,0.2645307453391762,0.0,0.3702917849560897,0,0,0,1,1,0,LMIC,SSA,Kenya
KEN,2013,0.4759970815686636,0.5600185807536078,0.2511058792098871,0.2499999999375,0.40688009353053095,0,0,0,1,1,0,LMIC,SSA,Kenya
KEN,2014,0.4391524505489709,0.5016099979622386,0.2386811473053612,0.0,0.3387761440090397,0,0,0,1,1,0,LMIC,SSA,Kenya
KEN,2015,0.4046503309506679,0.4070121612898056,0.2361333642484371,0.0,0.30241399721729445,0,0,0,1,1,0,LMIC,SSA,Kenya
KEN,2016,0.3548794236533357,0.5405269118633587,0.2489944206873363,0.0,0.32158813141634124,0,0,0,1,1,0,LMIC,SSA,Kenya
KEN,2017,0.4835681899654184,0.3098834198727465,0.2705273875756194,0.0,0.3143515683499879,0,0,0,1,1,0,LMIC,SSA,Kenya
KEN,2018,0.4411747991211522,0.6728148491726387,0.2036286189318019,0.499999999875,0.4485220466997634,0,0,0,1,1,0,LMIC,SSA,Kenya
KEN,2019,0.4071416027740177,0.5311369903101346,0.2207956841221266,0.499999999875,0.40548272956022147,0,0,0,1,1,0,LMIC,SSA,Kenya
KEN,2020,0.4251573491405473,0.6636969696949555,0.3265510271473708,0.7499999998125,0.5088670713816481,0,0,0,1,1,0,LMIC,SSA,Kenya
KEN,2021,0.4439736976312419,0.502958356001649,0.1812425477564689,0.0,0.3264410201104641,0,0,0,1,1,0,LMIC,SSA,Kenya
KEN,2022,0.5138998357447101,0.299372454451199,0.2462072708056163,0.0,0.3162598738248523,0,0,0,1,1,0,LMIC,SSA,Kenya
KEN,2023,0.5505823490047158,0.4702272037704035,0.2314566208705908,0.0,0.3681247783118991,0,0,0,1,1,0,LMIC,SSA,Kenya
KEN,2024,0.5510518516057558,0.4246916241154361,0.22066735691892,,0.3542078933206035,0,0,0,0,0,0,LMIC,SSA,Kenya
COD,2010,,0.3487348075944191,0.2588749148580013,,0.1519024306131051,0,0,0,0,0,0,LIC,SSA,DR Congo
COD,2011,,0.357930198127964,0.234299775138901,0.0,0.14805749331671625,0,0,0,1,1,0,LIC,SSA,DR Congo
COD,2012,,0.3517533846173954,0.0731615006403779,0.0,0.10622872131444333,0,0,0,1,1,0,LIC,SSA,DR Congo
COD,2013,,,0.0557111059054624,0.0,0.0139277764763656,0,0,0,1,1,0,LIC,SSA,DR Congo
COD,2014,,0.5131471750196002,0.1099544618436469,0.0,0.15577540921581176,0,0,0,1,1,0,LIC,SSA,DR Congo
COD,2015,,0.4058717647588409,0.1104372493620278,0.0,0.12907725353021718,0,0,0,1,1,0,LIC,SSA,DR Congo
COD,2016,,0.2876870166509612,0.2862950380274341,0.2499999999375,0.18099551366022384,0,0,0,1,1,0,LIC,SSA,DR Congo
COD,2017,,0.2641482722132064,0.3649650197086855,0.0,0.15727832298047298,0,0,1,1,2,0,LIC,SSA,DR Congo
COD,2018,,0.4064580271452845,0.3310257461823518,0.499999999875,0.2593709433131591,0,0,0,1,1,0,LIC,SSA,DR Congo
COD,2019,,0.4784073229100976,0.2268958119116891,0.0,0.17632578370544666,0,0,0,1,1,0,LIC,SSA,DR Congo
COD,2020,,0.4041806375438888,0.3323350735251774,0.0,0.18412892776726653,0,0,0,1,1,0,LIC,SSA,DR Congo
COD,2021,,0.4170863108948496,0.3181786991459348,0.2499999999375,0.2213162525008211,0,0,0,1,1,0,LIC,SSA,DR Congo
COD,2022,,0.6461458952538982,0.1747039932983955,0.0,0.20521247213807342,0,0,0,1,1,0,LIC,SSA,DR Congo
COD,2023,,0.4937804652993076,0.2348436778586901,0.2499999999375,0.2196560357801244,0,0,0,1,1,0,LIC,SSA,DR Congo
COD,2024,,0.5246070917827238,0.2663026283353684,,0.19772743002952303,0,0,0,0,0,0,LIC,SSA,DR Congo
ZMB,2010,0.0052446221932395,0.132816986668665,0.1480548962460822,,0.07205358849632063,0,0,0,0,0,0,LMIC,SSA,Zambia
ZMB,2011,0.1045957959288484,0.1393566682354517,0.2405558164571459,0.0,0.13158664974824635,0,0,0,1,1,0,LMIC,SSA,Zambia
ZMB,2012,0.1106587721686286,0.0782274843416546,0.1857211127920147,0.0,0.10471771954243733,0,0,0,1,1,0,LMIC,SSA,Zambia
ZMB,2013,0.1578981599086439,0.1524675376162904,0.2375700180441068,0.0,0.15277374488312465,0,0,0,1,1,0,LMIC,SSA,Zambia
ZMB,2014,0.1819565277909691,0.2746132102860088,0.2515980652201429,0.0,0.1952376036033771,0,0,0,1,1,0,LMIC,SSA,Zambia
ZMB,2015,0.1884505238434489,,0.301779387585358,0.0,0.14140253024154661,0,0,0,1,1,0,LMIC,SSA,Zambia
ZMB,2016,0.1793531854780342,,0.3193539203077949,0.99999999975,0.29261209495676066,0,0,0,1,1,0,LMIC,SSA,Zambia
ZMB,2017,0.0455399320166787,0.2535054231349615,0.2652173554732963,0.0,0.14561967085790198,0,0,0,1,1,0,LMIC,SSA,Zambia
ZMB,2018,0.1344411362697661,,0.2609490221523659,0.2499999999375,0.1497916532231346,0,0,0,1,1,0,LMIC,SSA,Zambia
ZMB,2019,0.105629758933267,0.4954644909410001,0.3252986985799674,0.0,0.2421612130068853,0,0,0,1,1,0,LMIC,SSA,Zambia
ZMB,2020,0.1884505238434489,0.4589108527479163,0.4391793441328926,0.0,0.29048023256540934,0,0,1,1,2,0,LMIC,SSA,Zambia
ZMB,2021,0.1739542487656692,0.5006148937587174,0.28574006630508,0.0,0.25747272708393354,0,0,0,1,1,0,LMIC,SSA,Zambia
ZMB,2022,0.1336460696322268,0.279247870104271,0.262314545177452,0.2499999999375,0.21966672818233512,0,0,0,1,1,0,LMIC,SSA,Zambia
ZMB,2023,0.1126077832416501,0.4093420672148607,0.2578859692746612,0.0,0.20621973325695803,0,0,0,1,1,0,LMIC,SSA,Zambia
ZMB,2024,0.0,0.5962995255665172,0.304513954235707,,0.22520336995055606,0,0,0,0,0,0,LMIC,SSA,Zambia
ZWE,2010,0.2846920422874688,0.5034677214710855,0.0,,0.22550914516838547,0,0,0,0,0,0,LMIC,SSA,Zimbabwe
ZWE,2011,0.3309479049305983,0.2097174662250051,0.0232627057898928,0.0,0.17407680972943385,0,0,0,1,1,0,LMIC,SSA,Zimbabwe
ZWE,2012,0.2884723751670234,,0.0106129776903621,0.0,0.10361857573104871,0,0,0,1,1,0,LMIC,SSA,Zimbabwe
ZWE,2013,0.2146593436702461,0.6981253482618681,0.2217727121272012,0.0,0.3051052853818535,0,1,0,1,2,0,LMIC,SSA,Zimbabwe
ZWE,2014,0.2567286884619439,0.5274697361538054,0.153074174368743,0.0,0.25999101859231744,0,0,0,1,1,0,LMIC,SSA,Zimbabwe
ZWE,2015,0.2956646518348638,0.1431137871798249,0.1647077708586866,0.2499999999375,0.2179380176424552,0,0,0,1,1,0,LMIC,SSA,Zimbabwe
ZWE,2016,0.2667007695709468,0.204601421376541,0.184097098341926,0.0,0.19051989927944812,0,0,0,1,1,0,LMIC,SSA,Zimbabwe
ZWE,2017,0.3256351445025723,0.655117397750627,0.1410241468317158,0.0,0.313007686721486,0,0,0,1,1,0,LMIC,SSA,Zimbabwe
ZWE,2018,0.3398846000272135,0.2839982506828638,0.2639613661872261,0.7499999998125,0.36844951419892213,0,0,0,1,1,0,LMIC,SSA,Zimbabwe
ZWE,2019,0.2729551081671497,0.4204480886490163,0.6707692181712354,0.0,0.3683386145635653,0,0,1,1,2,0,LMIC,SSA,Zimbabwe
ZWE,2020,0.2443119660690245,,0.6998532093960943,0.0,0.26047249047318216,0,0,1,1,2,0,LMIC,SSA,Zimbabwe
ZWE,2021,0.2266048253739363,0.385262133782034,0.3375333948801036,0.0,0.2600105710464121,0,0,0,1,1,0,LMIC,SSA,Zimbabwe
ZWE,2022,0.2483270658324166,0.3490655712846505,0.4281443742304724,0.0,0.28121695942012653,0,0,1,1,2,0,LMIC,SSA,Zimbabwe
ZWE,2023,0.2662230410519322,0.3437666779728701,0.4458530193656581,0.0,0.2905829887028083,0,0,1,1,2,0,LMIC,SSA,Zimbabwe
ZWE,2024,0.1506205645712786,0.6868248159789685,0.51565459830532,,0.35333705117101966,0,0,1,0,1,0,LMIC,SSA,Zimbabwe
SYR,2010,,,0.2392369231364265,,0.059809230784106625,0,0,0,0,0,0,LMIC,MENA,Syria
SYR,2011,,,,0.0,0.0,0,0,0,1,1,0,LMIC,MENA,Syria
SYR,2012,,,,0.0,0.0,0,0,0,1,1,0,LMIC,MENA,Syria
SYR,2013,,,,0.0,0.0,0,0,0,1,1,0,LMIC,MENA,Syria
SYR,2014,,,,0.0,0.0,0,0,0,1,1,0,LMIC,MENA,Syria
SYR,2015,,0.2015243861042782,,0.2499999999375,0.08788109651669454,0,0,0,1,1,0,LMIC,MENA,Syria
SYR,2016,,,,0.2499999999375,0.037499999990625,0,0,0,1,1,0,LMIC,MENA,Syria
SYR,2017,0.9513594932438668,,,0.0,0.33297582263535336,1,0,0,1,2,0,LMIC,MENA,Syria
SYR,2018,0.8917023533244899,,,0.0,0.3120958236635714,1,0,0,1,2,0,LMIC,MENA,Syria
SYR,2019,0.8639603678196306,0.4020030853688932,,0.499999999875,0.477886900060344,1,0,0,1,2,0,LMIC,MENA,Syria
SYR,2020,0.8004206177626398,0.3752940052312001,,0.0,0.37397071752472394,1,0,0,1,2,0,LMIC,MENA,Syria
SYR,2021,0.7837613656878716,0.5665217161505014,,0.0,0.4159469070283804,1,0,0,1,2,0,LMIC,MENA,Syria
SYR,2022,0.7954903583598365,0.4260888282344542,,0.0,0.38494383248455627,1,0,0,1,2,0,LMIC,MENA,Syria
SYR,2023,0.7927714961771828,0.830612415044931,,0.499999999875,0.5601231274044967,1,1,0,1,3,1,LMIC,MENA,Syria
SYR,2024,0.8115314164033799,0.2854937428482972,,,0.3554094314532572,1,0,0,0,1,0,LMIC,MENA,Syria
YEM,2010,,0.1810858633866669,0.2149290117230465,,0.09900371877742835,0,0,0,0,0,0,LIC,MENA,Yemen
YEM,2011,,,0.6446256995873253,0.0,0.16115642489683132,0,0,1,1,2,0,LIC,MENA,Yemen
YEM,2012,,,0.3102774818266433,0.0,0.07756937045666082,0,0,0,1,1,0,LIC,MENA,Yemen
YEM,2013,,0.3250063780954452,0.2700702761707477,0.0,0.14876916356654823,0,0,0,1,1,0,LIC,MENA,Yemen
YEM,2014,,,0.3495311185789615,0.0,0.08738277964474038,0,0,0,1,1,0,LIC,MENA,Yemen
YEM,2015,0.8121742136292234,0.6468175834660268,0.6967938089497556,0.2499999999375,0.6576638228647987,1,0,1,1,3,1,LIC,MENA,Yemen
YEM,2016,0.813904999171022,0.3004894424464566,0.5861795651634916,0.0,0.5065340016123447,1,0,1,1,3,1,LIC,MENA,Yemen
YEM,2017,0.8171086366351364,0.2324633289612247,0.5253268672469524,0.0,0.47543557187434204,1,0,1,1,3,1,LIC,MENA,Yemen
YEM,2018,0.8713915471615693,0.2765697518852564,0.4173163708782579,0.0,0.4784585721974278,1,0,1,1,3,1,LIC,MENA,Yemen
YEM,2019,0.8573455580242081,0.4582656781922853,0.3441716394650195,0.0,0.5006802747227991,1,0,0,1,2,0,LIC,MENA,Yemen
YEM,2020,0.8346732454756671,0.5267541035552536,0.5698991480789067,0.2499999999375,0.6037989488156486,1,0,1,1,3,1,LIC,MENA,Yemen
YEM,2021,0.814828466613252,0.4014739936703792,0.4480965905229816,0.0,0.49758260936297843,1,0,1,1,3,1,LIC,MENA,Yemen
YEM,2022,0.7588554388746536,0.4004845877559973,0.3954434857379815,0.0,0.4645814219796234,1,0,1,1,3,1,LIC,MENA,Yemen
YEM,2023,0.7086558616690373,0.420130713558794,0.2806273047110394,0.499999999875,0.49821905613287143,1,0,0,1,2,0,LIC,MENA,Yemen
YEM,2024,0.725003474404614,0.484407815119815,0.4624799672686941,,0.49047316163874216,1,0,1,0,2,0,LIC,MENA,Yemen
LBN,2010,,,0.1310209325582503,,0.03275523313956258,0,0,0,0,0,0,LMIC,MENA,Lebanon
LBN,2011,,,0.2845615154087532,0.0,0.0711403788521883,0,0,0,1,1,0,LMIC,MENA,Lebanon
LBN,2012,,,0.2737486595659217,0.0,0.06843716489148043,0,0,0,1,1,0,LMIC,MENA,Lebanon
LBN,2013,,,0.2439116590820539,0.0,0.060977914770513474,0,0,0,1,1,0,LMIC,MENA,Lebanon
LBN,2014,,,0.1960839088559467,0.0,0.049020977213986676,0,0,0,1,1,0,LMIC,MENA,Lebanon
LBN,2015,,0.4770440083128305,0.1899138965868978,0.0,0.16673947622493207,0,0,0,1,1,0,LMIC,MENA,Lebanon
LBN,2016,0.4471207613879144,,0.1724635018519824,0.0,0.19960814194876564,0,0,0,1,1,0,LMIC,MENA,Lebanon
LBN,2017,0.4360219290562868,,0.3021025323485255,0.0,0.22813330825683176,0,0,0,1,1,0,LMIC,MENA,Lebanon
LBN,2018,0.3408612472357294,0.1435688694157519,0.3762991822378573,0.499999999875,0.3242684494271576,0,0,1,1,2,0,LMIC,MENA,Lebanon
LBN,2019,0.4985627873484383,0.2452884375660526,0.4365326485962925,0.0,0.3449522471125397,0,0,1,1,2,0,LMIC,MENA,Lebanon
LBN,2020,0.4872636032217779,0.0,0.8145332400242775,0.2499999999375,0.41167557112431663,0,0,1,1,2,0,LMIC,MENA,Lebanon
LBN,2021,0.4949637038940724,,0.5194435122970282,0.0,0.3030981744371824,0,0,1,1,2,0,LMIC,MENA,Lebanon
LBN,2022,0.4130392044317464,0.155201196659737,0.5368879790037746,0.0,0.31758601546698917,0,0,1,1,2,0,LMIC,MENA,Lebanon
LBN,2023,0.6027663381718948,0.4781687069017964,0.5792515924503452,0.2499999999375,0.5128232931888236,0,0,1,1,2,0,LMIC,MENA,Lebanon
LBN,2024,0.806098318473707,0.5333816992422917,0.59727503686669,,0.5647985954930429,1,0,1,0,2,0,LMIC,MENA,Lebanon
SDN,2010,0.5184263065703633,0.2954574537247912,0.3317904679038159,,0.33826118770677893,0,0,0,0,0,0,LIC,MENA,Sudan
SDN,2011,0.5962453840722158,0.1583845136428905,0.476712424447778,0.0,0.36746011894794267,0,0,1,1,2,0,LIC,MENA,Sudan
SDN,2012,0.5647739132578221,0.5396278448267391,0.7700224018974137,0.0,0.5250834313212759,0,0,1,1,2,0,LIC,MENA,Sudan
SDN,2013,0.6643086281162944,0.4961810487981033,0.4451048172619277,0.0,0.46782948635571076,0,0,1,1,2,0,LIC,MENA,Sudan
SDN,2014,0.6319753677226143,0.409165295198327,0.4291282463093507,0.0,0.43076476407983444,0,0,1,1,2,0,LIC,MENA,Sudan
SDN,2015,0.623677193336356,0.4656096851399145,0.3898436667795552,0.2499999999375,0.46965035563821694,0,0,1,1,2,0,LIC,MENA,Sudan
SDN,2016,0.630505215427302,0.3984594442215239,0.3891941629120438,0.0,0.4175902271829476,0,0,1,1,2,0,LIC,MENA,Sudan
SDN,2017,0.529637362112994,0.3802902968572595,0.494877470384214,0.0,0.40416501854991627,0,0,1,1,2,0,LIC,MENA,Sudan
SDN,2018,0.5106974392166683,0.3721392861194953,0.5973142867541721,0.0,0.42110749694425076,0,0,1,1,2,0,LIC,MENA,Sudan
SDN,2019,0.5098886205634936,0.4252039431435918,0.6073846467632493,0.0,0.43660816467393304,0,0,1,1,2,0,LIC,MENA,Sudan
SDN,2020,0.5081731739332709,0.65507132063501,0.7408754130291698,0.0,0.5268472942926897,0,0,1,1,2,0,LIC,MENA,Sudan
SDN,2021,0.5618888878045432,0.4201748884091802,0.6862806801578267,0.2499999999375,0.5107750028639668,0,0,1,1,2,0,LIC,MENA,Sudan
SDN,2022,0.5939504575665159,0.6108264868453361,0.7337384937246173,0.0,0.5440239052907689,0,0,1,1,2,0,LIC,MENA,Sudan
SDN,2023,0.7911322085906297,,0.937873501397257,0.0,0.5113646483560346,1,0,1,1,3,1,LIC,MENA,Sudan
SDN,2024,0.7983288968852477,0.4448891721361278,0.9951431347940438,,0.6394231906423795,1,0,1,0,2,0,LIC,MENA,Sudan
BGD,2010,0.5530871320815648,0.4676723025814643,0.2302980638162311,,0.3680730878279715,0,0,0,0,0,0,LMIC,SASIA,Bangladesh
BGD,2011,0.5419461498749081,0.5038288316871515,0.2237803969673619,0.0,0.3715834596198462,0,0,0,1,1,0,LMIC,SASIA,Bangladesh
BGD,2012,0.5139503246272626,0.5669826742231671,0.2244485195536132,0.0,0.377740412063737,0,0,0,1,1,0,LMIC,SASIA,Bangladesh
BGD,2013,0.5537748649257234,0.5516098600041263,0.2184534707842733,0.0,0.38633703542110304,0,0,0,1,1,0,LMIC,SASIA,Bangladesh
BGD,2014,0.4825323444334812,0.642376837793197,0.2206034000746113,0.0,0.3846313800186705,0,0,0,1,1,0,LMIC,SASIA,Bangladesh
BGD,2015,0.504797181413188,0.6178548084899997,0.2033554160157032,0.0,0.3819815696210415,0,0,0,1,1,0,LMIC,SASIA,Bangladesh
BGD,2016,0.4526299802264908,0.715979474501373,0.1890568118729461,0.0,0.3846795646728516,0,1,0,1,2,0,LMIC,SASIA,Bangladesh
BGD,2017,0.3957909193044172,0.7109422046272379,0.1938010591604339,0.0,0.36471263770346396,0,1,0,1,2,0,LMIC,SASIA,Bangladesh
BGD,2018,0.4607778868496286,0.284439092868624,0.1842182065471859,0.0,0.2784365852513225,0,0,0,1,1,0,LMIC,SASIA,Bangladesh
BGD,2019,0.4934235913633809,0.6260268189918472,0.1696152563432633,0.0,0.37160877581096097,0,0,0,1,1,0,LMIC,SASIA,Bangladesh
BGD,2020,0.4611454177890995,0.7629353299401936,0.2578719748699864,0.0,0.4166027224287298,0,1,0,1,2,0,LMIC,SASIA,Bangladesh
BGD,2021,0.5002905882392706,0.5003238570559092,0.1900093286786484,0.0,0.34768500231738414,0,0,0,1,1,0,LMIC,SASIA,Bangladesh
BGD,2022,0.4930885672465355,0.6869951757611864,0.1909372114980887,0.0,0.3920640953511062,0,0,0,1,1,0,LMIC,SASIA,Bangladesh
BGD,2023,0.5113454124346565,0.6514765268115905,0.2386824564646532,0.0,0.4015106401711907,0,0,0,1,1,0,LMIC,SASIA,Bangladesh
BGD,2024,0.5832830284893691,0.7017341094070304,0.2741579629069482,,0.4481220780497738,0,1,0,0,1,0,LMIC,SASIA,Bangladesh
MMR,2010,0.370329953702247,0.5876927787608313,0.225896534091101,,0.3330128120087695,0,0,0,0,0,0,LMIC,SASIA,Myanmar
MMR,2011,0.5225641779182667,0.4665679067466527,0.228148134525893,0.0,0.35657647258952974,0,0,0,1,1,0,LMIC,SASIA,Myanmar
MMR,2012,0.5086244162823639,0.4052415917200597,0.0957210045379679,0.0,0.3032591947633343,0,0,0,1,1,0,LMIC,SASIA,Myanmar
MMR,2013,0.4779742138912106,0.3421723428586802,0.178149290287492,0.0,0.29737138314846673,0,0,0,1,1,0,LMIC,SASIA,Myanmar
MMR,2014,0.4777640683104126,0.3103764574014624,0.1657928382836337,0.0,0.2862597478299185,0,0,0,1,1,0,LMIC,SASIA,Myanmar
MMR,2015,0.5523060365864955,0.6248461822687039,0.2430158398990695,0.0,0.41027261834721673,0,0,0,1,1,0,LMIC,SASIA,Myanmar
MMR,2016,0.5203004664889441,0.5360418907636816,0.2029420087976818,0.0,0.3668511381614713,0,0,0,1,1,0,LMIC,SASIA,Myanmar
MMR,2017,0.5530163519082018,0.3935655962482687,0.1872499822596446,0.0,0.3387596177948489,0,0,0,1,1,0,LMIC,SASIA,Myanmar
MMR,2018,0.5023007363109911,0.3871577925193516,0.2167255345779634,0.0,0.3267760894831756,0,0,0,1,1,0,LMIC,SASIA,Myanmar
MMR,2019,0.5907430214811464,0.2735065862619019,0.2238258208708151,0.0,0.33109315930158045,0,0,0,1,1,0,LMIC,SASIA,Myanmar
MMR,2020,0.5528037380028865,0.2861163738847842,0.450658891938932,0.2499999999375,0.4151751247475643,0,0,1,1,2,0,LMIC,SASIA,Myanmar
MMR,2021,0.8033680608136563,0.3692902174595181,0.5876471339287246,0.7499999998125,0.6329131591037154,1,0,1,1,3,1,LMIC,SASIA,Myanmar
MMR,2022,0.8540014917766481,,0.3436513372893162,0.0,0.3848133564441559,1,0,0,1,2,0,LMIC,SASIA,Myanmar
MMR,2023,0.8540670553096618,0.7589435757520105,0.3958865202654628,0.0,0.5876309933627499,1,1,1,1,4,1,LMIC,SASIA,Myanmar
MMR,2024,0.8502090496467033,0.6400860007865137,0.439041775900596,,0.5673551115481236,1,0,1,0,2,0,LMIC,SASIA,Myanmar
PAK,2010,0.7135252538718264,0.8519957883944433,0.2847167794001073,,0.5339119808037769,1,1,0,0,2,0,LMIC,SASIA,Pakistan
PAK,2011,0.6593270508116675,0.7808598293938067,0.288854725265845,0.0,0.4981931064489965,0,1,0,1,2,0,LMIC,SASIA,Pakistan
PAK,2012,0.7072951539928026,0.7797634076179703,0.2754992878660548,0.0,0.5113689777684872,1,1,0,1,3,1,LMIC,SASIA,Pakistan
PAK,2013,0.6795035589494381,0.7555572765319739,0.2384541555182569,0.0,0.48632910364486104,1,1,0,1,3,1,LMIC,SASIA,Pakistan
PAK,2014,0.6808811106064195,0.76681421245835,0.2530585892139451,0.0,0.4932765891303206,1,1,0,1,3,1,LMIC,SASIA,Pakistan
PAK,2015,0.669695942945241,0.5239661814056362,0.2117482662766299,0.0,0.4183221919514009,0,0,0,1,1,0,LMIC,SASIA,Pakistan
PAK,2016,0.619895233277746,0.4168603497609305,0.1833080316651859,0.0,0.36700542700374017,0,0,0,1,1,0,LMIC,SASIA,Pakistan
PAK,2017,0.6082493891806761,0.6141899555698345,0.19895636274395,0.0,0.4161738657916827,0,0,0,1,1,0,LMIC,SASIA,Pakistan
PAK,2018,0.6200975555070489,0.2937733248225517,0.168727829461971,0.0,0.33265943299859774,0,0,0,1,1,0,LMIC,SASIA,Pakistan
PAK,2019,0.6315164230643476,0.5776711995716063,0.2560687661017578,0.2499999999375,0.4669657394814877,0,0,0,1,1,0,LMIC,SASIA,Pakistan
PAK,2020,0.6282580475637588,0.747082946850993,0.3579828166183958,0.0,0.49615675751466276,0,1,1,1,3,1,LMIC,SASIA,Pakistan
PAK,2021,0.6350010810131173,0.4885386747937351,0.2147538558119935,0.0,0.3980735110060232,0,0,0,1,1,0,LMIC,SASIA,Pakistan
PAK,2022,0.660820061915836,0.8602674914486776,0.2251547677977359,0.0,0.502642586482146,0,1,0,1,2,0,LMIC,SASIA,Pakistan
PAK,2023,0.6764824333293838,0.3812959558502956,0.4215502465082886,0.0,0.43748040225493035,1,0,1,1,3,1,LMIC,SASIA,Pakistan
PAK,2024,0.6984179078937216,0.457644233887208,0.3536134596026324,,0.4472606911352626,1,0,0,0,1,0,LMIC,SASIA,Pakistan
PHL,2010,,0.683371106045725,0.144399337324714,,0.20694261084260976,0,0,0,0,0,0,LMIC,SEASIA,Philippines
PHL,2011,,0.722050457021987,0.2206912271170525,0.0,0.23568542103475987,0,1,0,1,2,0,LMIC,SEASIA,Philippines
PHL,2012,,0.7364389356663399,0.1424262281017977,0.0,0.2197162909420344,0,1,0,1,2,0,LMIC,SEASIA,Philippines
PHL,2013,,0.8620731028463592,0.1349961533217999,0.0,0.24926731404203978,0,1,0,1,2,0,LMIC,SEASIA,Philippines
PHL,2014,,0.7378315285919655,0.1584954864946292,0.0,0.22408175377164868,0,1,0,1,2,0,LMIC,SEASIA,Philippines
PHL,2015,,0.7657021666527508,0.0891089891304645,0.0,0.21370278894580383,0,1,0,1,2,0,LMIC,SEASIA,Philippines
PHL,2016,0.6901715795974905,0.6514304163812067,0.0843605495657709,0.0,0.42550779434586605,1,0,0,1,2,0,LMIC,SEASIA,Philippines
PHL,2017,0.6789860256808591,0.6446784982010523,0.1274667685134563,0.0,0.4306814256669278,1,0,0,1,2,0,LMIC,SEASIA,Philippines
PHL,2018,0.6222894701732385,0.7044431116423672,0.1675585417848075,0.2499999999375,0.47330172790805214,0,1,0,1,2,0,LMIC,SEASIA,Philippines
PHL,2019,0.6033282143318899,0.7057402427776828,0.1292956533951942,0.2499999999375,0.45742384905000566,0,1,0,1,2,0,LMIC,SEASIA,Philippines
PHL,2020,0.5880076264871918,0.7332139036996855,0.4728745363981965,0.0,0.5073247792949876,0,1,1,1,3,1,LMIC,SEASIA,Philippines
PHL,2021,0.5602270346203795,0.7307062920914987,0.182042586503973,0.2499999999375,0.4617666817566257,0,1,0,1,2,0,LMIC,SEASIA,Philippines
PHL,2022,0.5398715919974669,0.6715219876416937,0.1481540574283606,0.0,0.393874068466627,0,0,0,1,1,0,LMIC,SEASIA,Philippines
PHL,2023,0.5347062347375974,0.6828245900194984,0.1830235697329455,0.0,0.40360922209627,0,0,0,1,1,0,LMIC,SEASIA,Philippines
PHL,2024,0.5078802051402851,0.7181780300791223,0.1408750819031386,,0.39252134979466496,0,1,0,0,1,0,LMIC,SEASIA,Philippines
IDN,2010,,0.6037276315880201,0.1774568533059703,,0.1952961212234976,0,0,0,0,0,0,UMIC,SEASIA,Indonesia
IDN,2011,,0.4686214673343227,0.179579924824416,0.0,0.16205034803968468,0,0,0,1,1,0,UMIC,SEASIA,Indonesia
IDN,2012,,0.3925560350891851,0.1643705758294221,0.0,0.1392316527296518,0,0,0,1,1,0,UMIC,SEASIA,Indonesia
IDN,2013,,0.7900643019760721,0.1994775505190553,0.0,0.24738546312378185,0,1,0,1,2,0,UMIC,SEASIA,Indonesia
IDN,2014,,0.7357451975537975,0.2080088546116806,0.0,0.23593851304136954,0,1,0,1,2,0,UMIC,SEASIA,Indonesia
IDN,2015,0.3624267093311931,0.7409865752377575,0.2122745066579933,0.0,0.3651646187398553,0,1,0,1,2,0,UMIC,SEASIA,Indonesia
IDN,2016,0.3141727154774818,0.6488913115105926,0.172948313960501,0.0,0.31542035678489205,0,0,0,1,1,0,UMIC,SEASIA,Indonesia
IDN,2017,0.3077966219550586,0.5367907690184306,0.1744810565324014,0.0,0.2855467740719785,0,0,0,1,1,0,UMIC,SEASIA,Indonesia
IDN,2018,0.4155348636797229,0.7770069587956276,0.1637518726274247,0.0,0.3806269101436661,0,1,0,1,2,0,UMIC,SEASIA,Indonesia
IDN,2019,0.4517455075924578,0.7406778992628525,0.1594947643152174,0.0,0.3831540935518777,0,1,0,1,2,0,UMIC,SEASIA,Indonesia
IDN,2020,0.4630851303456318,0.554589900251387,0.2955626756997755,0.0,0.3746179396087618,0,0,0,1,1,0,UMIC,SEASIA,Indonesia
IDN,2021,0.4754972014907461,0.7199155753778974,0.16903374137279,0.0,0.388661349709433,0,1,0,1,2,0,UMIC,SEASIA,Indonesia
IDN,2022,0.515230031133512,0.6243157813453654,0.1776951600580913,0.0,0.38083324624759335,0,0,0,1,1,0,UMIC,SEASIA,Indonesia
IDN,2023,0.5211784587029004,0.6291584975647833,0.1734833285495731,0.2499999999375,0.4205729170652292,0,0,0,1,1,0,UMIC,SEASIA,Indonesia
IDN,2024,0.530487684878272,0.5798598367287305,0.1471081585662652,,0.36741268853114417,0,0,0,0,0,0,UMIC,SEASIA,Indonesia
HTI,2010,,0.8431079427630253,0.3996929263781376,,0.31070021728529074,0,1,1,0,2,0,LIC,LAC,Haiti
HTI,2011,,0.2456187039646436,0.2207956841221266,0.0,0.11660359702169255,0,0,0,1,1,0,LIC,LAC,Haiti
HTI,2012,,0.6609729787290813,0.3150906599045772,0.0,0.24401590965841463,0,0,0,1,1,0,LIC,LAC,Haiti
HTI,2013,,0.3017783553291197,0.2373601207244694,0.0,0.13478461901339728,0,0,0,1,1,0,LIC,LAC,Haiti
HTI,2014,,0.4919116979419225,0.2610889122992229,0.0,0.18825015256028635,0,0,0,1,1,0,LIC,LAC,Haiti
HTI,2015,,0.3493814694428478,0.2703219774459764,0.2499999999375,0.19242586171283108,0,0,0,1,1,0,LIC,LAC,Haiti
HTI,2016,,0.7684254632960836,0.3303961407768535,0.0,0.27470540101823426,0,1,0,1,2,0,LIC,LAC,Haiti
HTI,2017,,0.3545088190469297,0.3124346848953246,0.0,0.16673587598556358,0,0,0,1,1,0,LIC,LAC,Haiti
HTI,2018,0.4011916216595098,0.3116972651075857,0.3323350735251774,0.0,0.30142515223901917,0,0,0,1,1,0,LIC,LAC,Haiti
HTI,2019,0.4727432458229522,0.2114299214545219,0.423872149947166,0.0,0.3242856538884552,0,0,1,1,2,0,LIC,LAC,Haiti
HTI,2020,0.5035005451628918,0.3198764967030769,0.4724647256005434,0.0,0.3743104963829172,0,0,1,1,2,0,LIC,LAC,Haiti
HTI,2021,0.5211548209973426,0.748220105574011,0.4205734724441721,0.0,0.47460258185361565,0,1,1,1,3,1,LIC,LAC,Haiti
HTI,2022,0.5703720164384372,0.3384911083600243,0.4532564682851754,0.0,0.3975670999147529,0,0,1,1,2,0,LIC,LAC,Haiti
HTI,2023,0.6029239527078376,0.6722514817130505,0.4871089549111166,0.0,0.5008634926037849,0,0,1,1,2,0,LIC,LAC,Haiti
HTI,2024,0.6185563584024069,0.3872690625187017,0.4974518509958759,,0.4376749538194868,0,0,1,0,1,0,LIC,LAC,Haiti
VEN,2010,,0.6426750088310491,0.4445403544672378,,0.2718038408245717,0,0,1,0,1,0,UMIC,LAC,Venezuela
VEN,2011,,0.518613974605676,0.3267827769984825,0.0,0.21134918790103963,0,0,0,1,1,0,UMIC,LAC,Venezuela
VEN,2012,,0.6086047888219237,0.2831131739510496,0.0,0.22292949069324333,0,0,0,1,1,0,UMIC,LAC,Venezuela
VEN,2013,,,0.4057865621660075,0.0,0.10144664054150188,0,0,1,1,2,0,UMIC,LAC,Venezuela
VEN,2014,,,0.5380107394950178,0.0,0.13450268487375444,0,0,1,1,2,0,UMIC,LAC,Venezuela
VEN,2015,,0.3168009749912548,0.6611675148638029,0.0,0.24449212246376442,0,0,1,1,2,0,UMIC,LAC,Venezuela
VEN,2016,,0.0,0.929422846797649,0.0,0.23235571169941224,0,0,1,1,2,0,UMIC,LAC,Venezuela
VEN,2017,,,0.9837129637507191,0.0,0.2459282409376798,0,0,1,1,2,0,UMIC,LAC,Venezuela
VEN,2018,0.6604603787053062,0.2433980367930656,0.9999999988366404,0.0,0.5420106414542836,0,0,1,1,2,0,UMIC,LAC,Venezuela
VEN,2019,0.6743507463113423,0.1706634557211744,0.8394563672754182,0.2499999999375,0.526052716948743,1,0,1,1,3,1,UMIC,LAC,Venezuela
VEN,2020,0.655695235534618,0.5438290476715872,0.8394563672754182,0.0,0.5753146861738676,0,0,1,1,2,0,UMIC,LAC,Venezuela
VEN,2021,0.6194991486038521,0.4945699526804367,0.5292271275435875,0.0,0.4727739720673543,0,0,1,1,2,0,UMIC,LAC,Venezuela
VEN,2022,0.5782199530122374,0.3692902174595181,0.3889263590809337,0.0,0.39193112768939603,0,0,1,1,2,0,UMIC,LAC,Venezuela
VEN,2023,0.5670879272047176,0.1370963606619762,0.4710591450938691,0.499999999875,0.42551965094186245,0,0,1,1,2,0,UMIC,LAC,Venezuela
VEN,2024,0.5220729521924818,0.2953505490054254,0.3542934397851603,,0.345136530465015,0,0,1,0,1,0,UMIC,LAC,Venezuela
COL,2010,,0.7352315844812931,0.2118685123602849,,0.2367750242103945,0,1,0,0,1,0,UMIC,LAC,Colombia
COL,2011,,0.7764287764166939,0.1772861845849118,0.499999999875,0.31342874023165146,0,1,0,1,2,0,UMIC,LAC,Colombia
COL,2012,,0.6137591426097966,0.2285148421273806,0.0,0.2105684961842943,0,0,0,1,1,0,UMIC,LAC,Colombia
COL,2013,,0.4703511667192598,0.1776755646016798,0.0,0.1620066828302349,0,0,0,1,1,0,UMIC,LAC,Colombia
COL,2014,,0.4837616966087504,0.2026973591484252,0.0,0.1716147639392939,0,0,0,1,1,0,UMIC,LAC,Colombia
COL,2015,,0.3850308359571655,0.2585798165812124,0.0,0.16090266313459445,0,0,0,1,1,0,UMIC,LAC,Colombia
COL,2016,,0.1823560691537374,0.3020543964168334,0.0,0.12110261639264269,0,0,0,1,1,0,UMIC,LAC,Colombia
COL,2017,,0.4128894324931615,0.2853167620905978,0.0,0.17455154864593983,0,0,0,1,1,0,UMIC,LAC,Colombia
COL,2018,0.6121146226141831,0.3335220277672305,0.2490675292596144,0.499999999875,0.4348875071529253,0,0,0,1,1,0,UMIC,LAC,Colombia
COL,2019,0.6117102594851717,0.3757552833778508,0.2489544776947995,0.0,0.3702760310879727,0,0,0,1,1,0,UMIC,LAC,Colombia
COL,2020,0.6252590980485081,0.6313502623016456,0.4790478440275871,0.0,0.49644021089928597,0,0,1,1,2,0,UMIC,LAC,Colombia
COL,2021,0.6564035597020015,0.3245811718263349,0.1240872087027377,0.0,0.34190834102796863,0,0,0,1,1,0,UMIC,LAC,Colombia
COL,2022,0.6592663676972358,0.4952327390059899,0.2317924593187486,0.0,0.41249952827521713,0,0,0,1,1,0,UMIC,LAC,Colombia
COL,2023,0.6622143335326993,0.317245054608929,0.3602777695039622,0.2499999999375,0.43865572275529247,0,0,1,1,2,0,UMIC,LAC,Colombia
COL,2024,0.6451763464051795,0.6217907466522551,0.3082616624860878,,0.4583248235263985,0,0,0,0,0,0,UMIC,LAC,Colombia
HND,2010,,0.6098422696791508,0.2020774727331427,,0.20297993560307337,0,0,0,0,0,0,LMIC,LAC,Honduras
HND,2011,,0.3415381520554578,0.2238824824795803,0.0,0.14135515863375953,0,0,0,1,1,0,LMIC,LAC,Honduras
HND,2012,,0.3692902174595181,0.1975284911422393,0.0,0.14170467715043936,0,0,0,1,1,0,LMIC,LAC,Honduras
HND,2013,,0.3061093354954707,0.2250613361684392,0.0,0.1327926679159775,0,0,0,1,1,0,LMIC,LAC,Honduras
HND,2014,,0.5185007452115971,0.2390227436565224,0.0,0.18938087221702987,0,0,0,1,1,0,LMIC,LAC,Honduras
HND,2015,,,0.1955529854058737,0.0,0.04888824635146843,0,0,0,1,1,0,LMIC,LAC,Honduras
HND,2016,,0.4356868315916567,0.1899260236778438,0.0,0.15640321381737513,0,0,0,1,1,0,LMIC,LAC,Honduras
HND,2017,,0.3221528008675898,0.1816547999543082,0.499999999875,0.20095190018672449,0,0,0,1,1,0,LMIC,LAC,Honduras
HND,2018,0.5240939168030798,0.4251113497155795,0.2069838790583106,0.7499999998125,0.4539566780464254,0,0,0,1,1,0,LMIC,LAC,Honduras
HND,2019,0.5504374830066234,0.3487372700393863,0.2299300459444717,0.0,0.3373199480482827,0,0,0,1,1,0,LMIC,LAC,Honduras
HND,2020,0.5200380860420278,0.5620638148191297,0.4855042729903204,0.0,0.44390535206707227,0,0,1,1,2,0,LMIC,LAC,Honduras
HND,2021,0.5212965711790084,0.1687689174914341,0.0620626581060217,0.2499999999375,0.2776616938026419,0,0,0,1,1,0,LMIC,LAC,Honduras
HND,2022,0.5261688469874991,0.3994447038802105,0.2691968471815953,0.0,0.3513194842110761,0,0,0,1,1,0,LMIC,LAC,Honduras
HND,2023,0.5102024167889118,0.3290911701374399,0.254831812809035,0.0,0.32455159161273783,0,0,0,1,1,0,LMIC,LAC,Honduras
HND,2024,0.4841321244004298,0.3711265360968061,0.2330989558681512,,0.32050261653138973,0,0,0,0,0,0,LMIC,LAC,Honduras
GTM,2010,,0.7121456201346549,0.2492958302060107,,0.2403603625851664,0,1,0,0,1,0,UMIC,LAC,Guatemala
GTM,2011,,0.591719575360383,0.2480866889235098,0.0,0.2099515660709732,0,0,0,1,1,0,UMIC,LAC,Guatemala
GTM,2012,,0.653550533959292,0.244670422021728,0.0,0.22455523899525498,0,0,0,1,1,0,UMIC,LAC,Guatemala
GTM,2013,,0.4096697145238614,0.2376190164818289,0.0,0.16182218275142257,0,0,0,1,1,0,UMIC,LAC,Guatemala
GTM,2014,,0.5922709185175153,0.2117991875050779,0.499999999875,0.2760175264868983,0,0,0,1,1,0,UMIC,LAC,Guatemala
GTM,2015,,0.3469403009319727,0.2006483785335153,0.0,0.13689716986637201,0,0,0,1,1,0,UMIC,LAC,Guatemala
GTM,2016,,0.022693508216695,0.2594460118853989,0.499999999875,0.14553488000677348,0,0,0,1,1,0,UMIC,LAC,Guatemala
GTM,2017,,0.3221476574333682,0.2504827330767054,0.0,0.1431575976275184,0,0,0,1,1,0,UMIC,LAC,Guatemala
GTM,2018,0.5337826465858284,0.5902269103316992,0.2369146910284322,0.0,0.39360932664507275,0,0,0,1,1,0,UMIC,LAC,Guatemala
GTM,2019,0.5657715937444464,0.3504334692240035,0.2238955800059955,0.0,0.34160232011805597,0,0,0,1,1,0,UMIC,LAC,Guatemala
GTM,2020,0.5035005451628918,0.679158964607588,0.3289515584905608,0.0,0.4282528215815493,0,0,0,1,1,0,UMIC,LAC,Guatemala
GTM,2021,0.5209418530018172,0.2857353820663471,0.1542449083038995,0.499999999875,0.36732472112444764,0,0,0,1,1,0,UMIC,LAC,Guatemala
GTM,2022,0.5308995780187156,0.6441198940037121,0.2541926092919528,0.0,0.41039297813046666,0,0,0,1,1,0,UMIC,LAC,Guatemala
GTM,2023,0.553598932229858,0.5537505289828223,0.2616592181617774,0.2499999999375,0.4351120630572252,0,0,0,1,1,0,UMIC,LAC,Guatemala
GTM,2024,0.4027961313721903,0.4564852052705197,0.2174332480356872,,0.30945825930681836,0,0,0,0,0,0,UMIC,LAC,Guatemala
UKR,2010,,0.4169534247389864,0.264918531888841,,0.17046798915695685,0,0,0,0,0,0,LMIC,EEU,Ukraine
UKR,2011,,,0.2267075074634984,0.0,0.0566768768658746,0,0,0,1,1,0,LMIC,EEU,Ukraine
UKR,2012,,0.7587440328247652,0.2127010873451602,0.0,0.24286128004248136,0,1,0,1,2,0,LMIC,EEU,Ukraine
UKR,2013,,0.5307991609870235,0.1833215252425964,0.0,0.17853017155740497,0,0,0,1,1,0,LMIC,EEU,Ukraine
UKR,2014,,,0.496880470706975,0.0,0.12422011767674375,0,0,1,1,2,0,LMIC,EEU,Ukraine
UKR,2015,,,0.6451250921955696,0.0,0.1612812730488924,0,0,1,1,2,0,LMIC,EEU,Ukraine
UKR,2016,,0.1947606739957806,0.3324005769587779,0.2499999999375,0.16929031272926462,0,0,0,1,1,0,LMIC,EEU,Ukraine
UKR,2017,,0.1883597549702284,0.3361238513382322,0.499999999875,0.20612090155836515,0,0,0,1,1,0,LMIC,EEU,Ukraine
UKR,2018,0.7958967495271132,0.1007621930521391,0.2923989721948273,0.0,0.3768541536462312,1,0,0,1,2,0,LMIC,EEU,Ukraine
UKR,2019,0.8055976636700795,,0.2752210898391311,0.2499999999375,0.3882644547349355,1,0,0,1,2,0,LMIC,EEU,Ukraine
UKR,2020,0.7443069650931445,0.6657497969344512,0.3586131727820267,0.0,0.51659818021172,1,0,1,1,3,1,LMIC,EEU,Ukraine
UKR,2021,0.7285434845774796,0.6312191015385762,0.2916758038157114,0.0,0.4857139459406898,1,0,0,1,2,0,LMIC,EEU,Ukraine
UKR,2022,0.9555202452851178,,0.8093179034365752,0.0,0.536761561708935,1,0,1,1,3,1,LMIC,EEU,Ukraine
UKR,2023,0.9793445797893986,0.1932082731709964,0.3421767365180272,0.0,0.47661685534854537,1,0,0,1,2,0,LMIC,EEU,Ukraine
UKR,2024,0.9999999998898838,,0.3054510678622036,,0.4263627669270102,1,0,0,0,1,0,LMIC,EEU,Ukraine
GEO,2010,,,0.3423143333020588,,0.0855785833255147,0,0,0,0,0,0,UMIC,EEU,Georgia
GEO,2011,,0.1677037059440888,0.333416866985851,0.0,0.12528014323248493,0,0,0,1,1,0,UMIC,EEU,Georgia
GEO,2012,,0.60954144833898,0.2065887182224838,0.0,0.20403254164036597,0,0,0,1,1,0,UMIC,EEU,Georgia
GEO,2013,,0.2896063437341857,0.2333459901493541,0.0,0.13073808347088495,0,0,0,1,1,0,UMIC,EEU,Georgia
GEO,2014,,0.2483333431544306,0.3192221928981676,0.0,0.14188888401314956,0,0,0,1,1,0,UMIC,EEU,Georgia
GEO,2015,,0.5348119458870338,0.3373233769799176,0.0,0.21803383071673788,0,0,0,1,1,0,UMIC,EEU,Georgia
GEO,2016,,,0.3043129292004643,0.0,0.07607823230011608,0,0,0,1,1,0,UMIC,EEU,Georgia
GEO,2017,,,0.3222389410626045,0.0,0.08055973526565112,0,0,0,1,1,0,UMIC,EEU,Georgia
GEO,2018,0.3294752036361217,0.1304952868572758,0.2424130275789462,0.2499999999375,0.2460433998723231,0,0,0,1,1,0,UMIC,EEU,Georgia
GEO,2019,0.342310166178668,0.2044817874596765,0.2760875027527077,0.0,0.2399508807156298,0,0,0,1,1,0,UMIC,EEU,Georgia
GEO,2020,0.3486042364191475,0.204928996568756,0.5131867425693769,0.0,0.30154041753123484,0,0,1,1,2,0,UMIC,EEU,Georgia
GEO,2021,0.3412252682314299,0.1519195798682001,0.237088093031756,0.0,0.21668076210598947,0,0,0,1,1,0,UMIC,EEU,Georgia
GEO,2022,0.2751842581953959,0.2055877659412495,0.2166616809858911,0.0,0.20187685210017373,0,0,0,1,1,0,UMIC,EEU,Georgia
GEO,2023,0.2358139354290739,0.4225788639537609,0.1858812124810073,0.0,0.2346498965088679,0,0,0,1,1,0,UMIC,EEU,Georgia
GEO,2024,0.2760634345296732,,0.1018517772874032,,0.1220851464072364,0,0,0,0,0,0,UMIC,EEU,Georgia
ARM,2010,,,0.378227323254156,,0.094556830813539,0,0,1,0,1,0,UMIC,EEU,Armenia
ARM,2011,,,0.3198925777014137,0.0,0.07997314442535343,0,0,0,1,1,0,UMIC,EEU,Armenia
ARM,2012,,,0.2064338996132411,0.0,0.051608474903310275,0,0,0,1,1,0,UMIC,EEU,Armenia
ARM,2013,,0.5855983243496626,0.3123761540569236,0.0,0.22449361960164654,0,0,0,1,1,0,UMIC,EEU,Armenia
ARM,2014,,,0.2854109005532841,0.0,0.07135272513832103,0,0,0,1,1,0,UMIC,EEU,Armenia
ARM,2015,,,0.3088208343825842,0.0,0.07720520859564604,0,0,0,1,1,0,UMIC,EEU,Armenia
ARM,2016,,,0.2632055544735429,0.0,0.06580138861838572,0,0,0,1,1,0,UMIC,EEU,Armenia
ARM,2017,,,0.1623524070632791,0.0,0.04058810176581978,0,0,0,1,1,0,UMIC,EEU,Armenia
ARM,2018,0.5461889289265258,0.4025067793602037,0.2564583645199987,0.2499999999375,0.3934074110849596,0,0,0,1,1,0,UMIC,EEU,Armenia
ARM,2019,0.5447291586771841,0.2470333202972656,0.1823518940144106,0.0,0.2980015091149335,0,0,0,1,1,0,UMIC,EEU,Armenia
ARM,2020,0.5364482230574615,0.1750025577936515,0.4665994349187004,0.0,0.3481573762481995,0,0,1,1,2,0,UMIC,EEU,Armenia
ARM,2021,0.3318749263483595,,0.2760726975892926,0.0,0.18517439861924898,0,0,0,1,1,0,UMIC,EEU,Armenia
ARM,2022,0.391578308578564,,0.1380795694914437,0.0,0.17157230037535834,0,0,0,1,1,0,UMIC,EEU,Armenia
ARM,2023,0.3325323387542682,0.2691860987002281,0.1350190441385531,0.499999999875,0.29243760425493914,0,0,0,1,1,0,UMIC,EEU,Armenia
ARM,2024,0.2645344783780272,0.5602742288387886,0.1430309635970721,,0.2684133655412747,0,0,0,0,0,0,UMIC,EEU,Armenia
ZAF,2010,0.259816262254102,0.238977973727413,0.3709273968477364,,0.24341203443272302,0,0,1,0,1,0,UMIC,SSA,South Africa
ZAF,2011,0.2709095462322493,0.6547940469820248,0.3756913545799784,0.0,0.352439691571788,0,0,1,1,2,0,UMIC,SSA,South Africa
ZAF,2012,0.4285526604748466,0.6484509594486084,0.3992403411818362,0.0,0.4119162563238074,0,0,1,1,2,0,UMIC,SSA,South Africa
ZAF,2013,0.3968924581758346,0.1805815962342838,0.3957502622348531,0.0,0.2829953249788263,0,0,1,1,2,0,UMIC,SSA,South Africa
ZAF,2014,0.4096428564787079,0.6023734493355597,0.4239969278466263,0.0,0.39996759406309423,0,0,1,1,2,0,UMIC,SSA,South Africa
ZAF,2015,0.4424865899597271,0.6621786828335409,0.4126441283629481,0.0,0.4235760092850267,0,0,1,1,2,0,UMIC,SSA,South Africa
ZAF,2016,0.4252703468425288,0.6633499615341035,0.4518067861620204,0.0,0.42763380831891606,0,0,1,1,2,0,UMIC,SSA,South Africa
ZAF,2017,0.390885993159235,0.7695294291241733,0.4386213400004945,0.0,0.4388477898868992,0,1,1,1,3,1,UMIC,SSA,South Africa
ZAF,2018,0.3944543604031303,,0.4200120728065791,0.2499999999375,0.28056204433336535,0,0,1,1,2,0,UMIC,SSA,South Africa
ZAF,2019,0.439698687863033,0.640320632997522,0.4514724641214319,0.0,0.4268428150318,0,0,1,1,2,0,UMIC,SSA,South Africa
ZAF,2020,0.4534199766465431,0.1499547334843778,0.5701521766761226,0.0,0.3387237193664152,0,0,1,1,2,0,UMIC,SSA,South Africa
ZAF,2021,0.4725596268860946,0.6338322453253599,0.3785189119924468,0.0,0.41848365873958476,0,0,1,1,2,0,UMIC,SSA,South Africa
ZAF,2022,0.4776237481245969,0.7864124608367431,0.4554538285679778,0.0,0.47763488419478917,0,1,1,1,3,1,UMIC,SSA,South Africa
ZAF,2023,0.480122553761867,0.2655327626383959,0.4717532065785768,0.2499999999375,0.3898643861115216,0,0,1,1,2,0,UMIC,SSA,South Africa
ZAF,2024,0.4782188779361347,0.5704051840884178,0.4614386160943501,,0.4253375573233391,0,0,1,0,1,0,UMIC,SSA,South Africa
TUR,2010,,0.2318433236390292,0.1968295395125508,,0.10716821578789501,0,0,0,0,0,0,UMIC,MENA,Turkey
TUR,2011,,0.7614321588389017,0.1165990181754517,0.0,0.21950779425358835,0,1,0,1,2,0,UMIC,MENA,Turkey
TUR,2012,,0.1366544104060771,0.2496546452818245,0.0,0.0965772639219754,0,0,0,1,1,0,UMIC,MENA,Turkey
TUR,2013,,,0.1725336888287942,0.0,0.04313342220719855,0,0,0,1,1,0,UMIC,MENA,Turkey
TUR,2014,,0.0748016875713628,0.2659416803677457,0.0,0.08518584198477712,0,0,0,1,1,0,UMIC,MENA,Turkey
TUR,2015,,0.2228710498482959,0.2372734191155627,0.0,0.11503611724096466,0,0,0,1,1,0,UMIC,MENA,Turkey
TUR,2016,0.6725601987149665,,0.2911522932859512,0.0,0.3081841428717261,0,0,0,1,1,0,UMIC,MENA,Turkey
TUR,2017,0.6015655935720831,0.701709558717199,0.2248576034529281,0.0,0.4421897482927608,0,1,0,1,2,0,UMIC,MENA,Turkey
TUR,2018,0.5736490843605757,,0.3317586803027479,0.2499999999375,0.32121684959251345,0,0,0,1,1,0,UMIC,MENA,Turkey
TUR,2019,0.5772441524556159,0.2709937094270749,0.3918078747587434,0.0,0.36773584940592013,0,0,1,1,2,0,UMIC,MENA,Turkey
TUR,2020,0.5487760772330658,0.7291333033165408,0.3644790304786476,0.0,0.4654747104803701,0,1,1,1,3,1,UMIC,MENA,Turkey
TUR,2021,0.5271134774819367,0.6920099762071718,0.1908478914839084,0.0,0.4052041840414479,0,1,0,1,2,0,UMIC,MENA,Turkey
TUR,2022,0.5460758732175003,0.5638978130279347,0.3860604231765993,0.0,0.4286161146772586,0,0,1,1,2,0,UMIC,MENA,Turkey
TUR,2023,0.54925332794243,0.8998473752612276,0.3670383647504973,0.0,0.5089600997827817,0,1,1,1,3,1,UMIC,MENA,Turkey
TUR,2024,0.562312663123878,0.1872162027112158,0.3998664379723739,,0.34358009226425473,0,0,1,0,1,0,UMIC,MENA,Turkey
MEX,2010,,0.8355488180731084,0.1801364144126606,,0.25392130812144226,0,1,0,0,1,0,UMIC,LAC,Mexico
MEX,2011,,0.7081861555195075,0.1993900179158047,0.0,0.22689404335882804,0,1,0,1,2,0,UMIC,LAC,Mexico
MEX,2012,,0.7399439506555876,0.2029012857863026,0.0,0.23571130911047256,0,1,0,1,2,0,UMIC,LAC,Mexico
MEX,2013,,0.8209509238751406,0.2512627933660294,0.0,0.2680534293102925,0,1,0,1,2,0,UMIC,LAC,Mexico
MEX,2014,,0.7782885460331321,0.2221507717294756,0.0,0.2501098294406519,0,1,0,1,2,0,UMIC,LAC,Mexico
MEX,2015,,0.7199520677883035,0.1945794622738213,0.0,0.22863288251553118,0,1,0,1,2,0,UMIC,LAC,Mexico
MEX,2016,,0.5955636499333147,0.2106825888709694,0.0,0.20156155970107104,0,0,0,1,1,0,UMIC,LAC,Mexico
MEX,2017,,0.8378293255098154,0.2450694176793116,0.0,0.27072468579728176,0,1,0,1,2,0,UMIC,LAC,Mexico
MEX,2018,0.7913803740374475,0.6953804633643669,0.2311042629915923,0.0,0.5086043125020964,1,1,0,1,3,1,UMIC,LAC,Mexico
MEX,2019,0.7893895569191716,0.676292237858651,0.2628100683544572,0.0,0.5110619214749871,1,0,0,1,2,0,UMIC,LAC,Mexico
MEX,2020,0.7830558049270794,0.6793149392954902,0.4219794974233932,0.0,0.5493931409041987,1,0,1,1,3,1,UMIC,LAC,Mexico
MEX,2021,0.7844104958273659,0.7264906618262893,0.1681195575816224,0.0,0.4981962283915559,1,1,0,1,3,1,UMIC,LAC,Mexico
MEX,2022,0.7811058155408781,0.585925177605677,0.2251966249323733,0.0,0.47616748607381987,1,0,0,1,2,0,UMIC,LAC,Mexico
MEX,2023,0.7740239063656384,0.8456074518551082,0.2064549785614182,0.0,0.5339239748321051,1,1,0,1,3,1,UMIC,LAC,Mexico
MEX,2024,0.7868699690969346,0.7646764452984204,0.2358149025539793,,0.525527326147027,1,1,0,0,2,0,UMIC,LAC,Mexico
GRC,2010,,0.0648699756982011,0.4510364376179367,,0.12897660332903446,0,0,1,0,1,0,HIC,EUR,Greece
GRC,2011,,,0.5511185495977109,0.0,0.13777963739942772,0,0,1,1,2,0,HIC,EUR,Greece
GRC,2012,,0.1192313652158503,0.5232671923982074,0.0,0.16062463940351443,0,0,1,1,2,0,HIC,EUR,Greece
GRC,2013,,,0.3853583176179511,0.0,0.09633957940448777,0,0,1,1,2,0,HIC,EUR,Greece
GRC,2014,,0.7059224493835925,0.3174956714266131,0.0,0.2558545302025514,0,1,0,1,2,0,HIC,EUR,Greece
GRC,2015,,0.1137756371474496,0.3244758293205794,0.0,0.10956286661700725,0,0,0,1,1,0,HIC,EUR,Greece
GRC,2016,,0.5800015898995232,0.310515513532647,0.0,0.22262927585804254,0,0,0,1,1,0,HIC,EUR,Greece
GRC,2017,,0.2362138817363136,0.3139710199540424,0.0,0.137546225422589,0,0,0,1,1,0,HIC,EUR,Greece
GRC,2018,0.2860999404734909,0.2588262064652797,0.2751302346511967,0.0,0.2336240894448409,0,0,0,1,1,0,HIC,EUR,Greece
GRC,2019,0.353153766383886,0.1150823165219804,0.2437424149451021,0.0,0.21331000110113071,0,0,0,1,1,0,HIC,EUR,Greece
GRC,2020,0.3478083488486642,0.6575559161150527,0.4322804901273905,0.0,0.3941920236576432,0,0,1,1,2,0,HIC,EUR,Greece
GRC,2021,0.338651482427512,0.6982247305887106,0.1045086399886843,0.0,0.3192113614939779,0,1,0,1,2,0,HIC,EUR,Greece
GRC,2022,0.3440949094764409,0.4246376391476844,0.2666094055689503,0.0,0.293244979495913,0,0,0,1,1,0,HIC,EUR,Greece
GRC,2023,0.3621265285430694,0.6347045704394032,0.2774708383785225,0.2499999999375,0.3922881371851807,0,0,0,1,1,0,HIC,EUR,Greece
GRC,2024,0.3472363150899514,0.5746337415540386,0.2524490438317771,,0.3283034066279369,0,0,0,0,0,0,HIC,EUR,Greece
USA,2010,,0.8502608018661685,0.2124658349352463,,0.2656816592003537,0,1,0,0,1,0,HIC,NAM,United States
USA,2011,,0.9441321988099473,0.2583397046007959,0.0,0.3006179758526858,0,1,0,1,2,0,HIC,NAM,United States
USA,2012,,0.969240313166889,0.2201632479232052,0.0,0.29735089027252354,0,1,0,1,2,0,HIC,NAM,United States
USA,2013,,0.8798533722559722,0.2044557273453035,0.0,0.2710772749003189,0,1,0,1,2,0,HIC,NAM,United States
USA,2014,,0.8759309382773832,0.1899742150546886,0.0,0.26647628833301795,0,1,0,1,2,0,HIC,NAM,United States
USA,2015,,0.8977559725517392,0.1186289028366804,0.0,0.2540962188471049,0,1,0,1,2,0,HIC,NAM,United States
USA,2016,,0.9267922778597932,0.1853958953219078,0.0,0.2780470432954253,0,1,0,1,2,0,HIC,NAM,United States
USA,2017,,0.9999999999482184,0.187589177751363,0.0,0.2968972944248954,0,1,0,1,2,0,HIC,NAM,United States
USA,2018,,0.9437509641432932,0.1800956914012815,0.0,0.2809616638861437,0,1,0,1,2,0,HIC,NAM,United States
USA,2019,,0.888678706552627,0.1735229641201821,0.0,0.2655504176682023,0,1,0,1,2,0,HIC,NAM,United States
USA,2020,0.6975686110143744,0.9508436464339484,0.285832611685088,0.0,0.5533180783847901,1,1,0,1,3,1,HIC,NAM,United States
USA,2021,0.6422007853378221,0.9797769709343258,0.1636866043163286,0.0,0.5106361686809013,0,1,0,1,2,0,HIC,NAM,United States
USA,2022,0.6337582493713142,0.9775479858915233,0.2515258466420449,0.0,0.529083845413352,0,1,0,1,2,0,HIC,NAM,United States
USA,2023,0.6268548154444926,0.9355082446469056,0.2063913647332857,0.0,0.5048740877506203,0,1,0,1,2,0,HIC,NAM,United States
USA,2024,0.6140534655122203,0.9768563825449548,0.1954444210310532,,0.5079939138232791,0,1,0,0,1,0,HIC,NAM,United States
BRA,2010,,0.7229485261223462,0.1620209657146801,,0.22124237295925658,0,1,0,0,1,0,UMIC,LAC,Brazil
BRA,2011,,0.7335419287736128,0.2423379490430738,0.0,0.24396996945417165,0,1,0,1,2,0,UMIC,LAC,Brazil
BRA,2012,,0.7578693838202718,0.2663171439477493,0.0,0.2560466319420053,0,1,0,1,2,0,UMIC,LAC,Brazil
BRA,2013,,0.7074860712241741,0.255066846817476,0.0,0.24063822951041253,0,1,0,1,2,0,UMIC,LAC,Brazil
BRA,2014,,0.8173677661692375,0.3021211779914122,0.0,0.2798722360401624,0,1,0,1,2,0,UMIC,LAC,Brazil
BRA,2015,,0.4679185630494372,0.4135741903634727,0.0,0.22037318835322747,0,0,1,1,2,0,UMIC,LAC,Brazil
BRA,2016,,0.64607250738053,0.4309590123425569,0.0,0.2692578799307717,0,0,1,1,2,0,UMIC,LAC,Brazil
BRA,2017,,0.6094177974154384,0.2998267342789849,0.0,0.22731113292360583,0,0,0,1,1,0,UMIC,LAC,Brazil
BRA,2018,0.8058830130158633,0.5748205493011628,0.2905948665483391,0.0,0.4984129085179276,1,0,0,1,2,0,UMIC,LAC,Brazil
BRA,2019,0.7781420160304127,0.5964345249005831,0.2991261706409645,0.0,0.4962398794960313,1,0,0,1,2,0,UMIC,LAC,Brazil
BRA,2020,0.7714049475387831,0.7916787587461488,0.3929363391852509,0.0,0.5661455061214239,1,1,1,1,4,1,UMIC,LAC,Brazil
BRA,2021,0.7803672581849648,0.788674417487336,0.2835432931226209,0.0,0.5411829680172269,1,1,0,1,3,1,UMIC,LAC,Brazil
BRA,2022,0.800041882433546,0.8037874467386409,0.2949178236944799,0.2499999999375,0.5921909764506463,1,1,0,1,3,1,UMIC,LAC,Brazil
BRA,2023,0.7989623026989056,0.7868786865737624,0.2408546868614471,0.0,0.5365701493034193,1,1,0,1,3,1,UMIC,LAC,Brazil
BRA,2024,0.7889022839640394,0.8506802244297454,0.2260521804478237,,0.545298900606806,1,1,0,0,2,0,UMIC,LAC,Brazil
IND,2010,,0.7745654759387396,0.1889123681545425,,0.24086946102332052,0,1,0,0,1,0,LMIC,SASIA,India
IND,2011,,0.7716496361380234,0.2441095133985162,0.0,0.2539397873841349,0,1,0,1,2,0,LMIC,SASIA,India
IND,2012,,0.6648938255171509,0.2507715708923653,0.0,0.22891634910237907,0,0,0,1,1,0,LMIC,SASIA,India
IND,2013,,0.7783841732024324,0.2296299558693453,0.0,0.2520035322679444,0,1,0,1,2,0,LMIC,SASIA,India
IND,2014,,0.8934634160047231,0.1822792737988619,0.0,0.2689356724508963,0,1,0,1,2,0,LMIC,SASIA,India
IND,2015,,0.8468565817213266,0.1613026840519304,0.0,0.25203981644331425,0,1,0,1,2,0,LMIC,SASIA,India
IND,2016,0.6858337905246097,0.7788103047535525,0.1508657779792581,0.0,0.47246084736681604,1,1,0,1,3,1,LMIC,SASIA,India
IND,2017,0.6886688403857436,0.7711489056962315,0.1681901502362489,0.0,0.47586885811813034,1,1,0,1,3,1,LMIC,SASIA,India
IND,2018,0.7261447387595753,0.8227825421933609,0.1679793073929569,0.2499999999375,0.5393411209530558,1,1,0,1,3,1,LMIC,SASIA,India
IND,2019,0.7378858131871835,0.8546576853866358,0.2257136346708204,0.0,0.5283528646298783,1,1,0,1,3,1,LMIC,SASIA,India
IND,2020,0.7104415466424282,0.8952222280772125,0.4373265251599265,0.0,0.5817917296341346,1,1,1,1,4,1,LMIC,SASIA,India
IND,2021,0.6958888064808116,0.8282250909443409,0.1199785779861704,0.0,0.4806119995009119,1,1,0,1,3,1,LMIC,SASIA,India
IND,2022,0.6944723912120853,0.793569641638302,0.1555584560948492,0.0,0.48034736135751765,1,1,0,1,3,1,LMIC,SASIA,India
IND,2023,0.7224912932988663,0.6504245762663696,0.1092635913335101,0.0,0.44279399455457313,1,0,0,1,2,0,LMIC,SASIA,India
IND,2024,0.7366937042604647,0.6462166231253471,0.1528271400875401,,0.4576037372943844,1,0,0,0,1,0,LMIC,SASIA,India
